﻿{"frames": {

"ani_idle instance 10000":
{
	"frame": {"x":0,"y":0,"w":60,"h":58},
	"rotated": false,
	"trimmed": false,
	"spriteSourceSize": {"x":0,"y":0,"w":60,"h":58},
	"sourceSize": {"w":60,"h":58}
},
"ani_idle instance 10001":
{
	"frame": {"x":0,"y":0,"w":60,"h":58},
	"rotated": false,
	"trimmed": false,
	"spriteSourceSize": {"x":0,"y":0,"w":60,"h":58},
	"sourceSize": {"w":60,"h":58}
},
"ani_idle instance 10002":
{
	"frame": {"x":60,"y":0,"w":60,"h":58},
	"rotated": false,
	"trimmed": false,
	"spriteSourceSize": {"x":0,"y":0,"w":60,"h":58},
	"sourceSize": {"w":60,"h":58}
},
"ani_idle instance 10003":
{
	"frame": {"x":120,"y":0,"w":60,"h":58},
	"rotated": false,
	"trimmed": false,
	"spriteSourceSize": {"x":0,"y":0,"w":60,"h":58},
	"sourceSize": {"w":60,"h":58}
},
"ani_idle instance 10004":
{
	"frame": {"x":180,"y":0,"w":60,"h":58},
	"rotated": false,
	"trimmed": false,
	"spriteSourceSize": {"x":0,"y":0,"w":60,"h":58},
	"sourceSize": {"w":60,"h":58}
},
"ani_idle instance 10005":
{
	"frame": {"x":180,"y":0,"w":60,"h":58},
	"rotated": false,
	"trimmed": false,
	"spriteSourceSize": {"x":0,"y":0,"w":60,"h":58},
	"sourceSize": {"w":60,"h":58}
},
"ani_idle instance 10006":
{
	"frame": {"x":0,"y":58,"w":60,"h":58},
	"rotated": false,
	"trimmed": false,
	"spriteSourceSize": {"x":0,"y":0,"w":60,"h":58},
	"sourceSize": {"w":60,"h":58}
},
"ani_idle instance 10007":
{
	"frame": {"x":60,"y":58,"w":60,"h":58},
	"rotated": false,
	"trimmed": false,
	"spriteSourceSize": {"x":0,"y":0,"w":60,"h":58},
	"sourceSize": {"w":60,"h":58}
},
"ani_idle instance 10008":
{
	"frame": {"x":60,"y":58,"w":60,"h":58},
	"rotated": false,
	"trimmed": false,
	"spriteSourceSize": {"x":0,"y":0,"w":60,"h":58},
	"sourceSize": {"w":60,"h":58}
},
"ani_idle instance 10009":
{
	"frame": {"x":0,"y":58,"w":60,"h":58},
	"rotated": false,
	"trimmed": false,
	"spriteSourceSize": {"x":0,"y":0,"w":60,"h":58},
	"sourceSize": {"w":60,"h":58}
},
"ani_idle instance 10010":
{
	"frame": {"x":0,"y":58,"w":60,"h":58},
	"rotated": false,
	"trimmed": false,
	"spriteSourceSize": {"x":0,"y":0,"w":60,"h":58},
	"sourceSize": {"w":60,"h":58}
},
"ani_idle instance 10011":
{
	"frame": {"x":0,"y":58,"w":60,"h":58},
	"rotated": false,
	"trimmed": false,
	"spriteSourceSize": {"x":0,"y":0,"w":60,"h":58},
	"sourceSize": {"w":60,"h":58}
},
"ani_idle instance 10012":
{
	"frame": {"x":120,"y":58,"w":60,"h":58},
	"rotated": false,
	"trimmed": false,
	"spriteSourceSize": {"x":0,"y":0,"w":60,"h":58},
	"sourceSize": {"w":60,"h":58}
},
"ani_idle instance 10013":
{
	"frame": {"x":120,"y":58,"w":60,"h":58},
	"rotated": false,
	"trimmed": false,
	"spriteSourceSize": {"x":0,"y":0,"w":60,"h":58},
	"sourceSize": {"w":60,"h":58}
},
"ani_idle instance 10014":
{
	"frame": {"x":180,"y":58,"w":60,"h":58},
	"rotated": false,
	"trimmed": false,
	"spriteSourceSize": {"x":0,"y":0,"w":60,"h":58},
	"sourceSize": {"w":60,"h":58}
},
"ani_idle instance 10015":
{
	"frame": {"x":180,"y":58,"w":60,"h":58},
	"rotated": false,
	"trimmed": false,
	"spriteSourceSize": {"x":0,"y":0,"w":60,"h":58},
	"sourceSize": {"w":60,"h":58}
},
"ani_idle instance 10016":
{
	"frame": {"x":180,"y":58,"w":60,"h":58},
	"rotated": false,
	"trimmed": false,
	"spriteSourceSize": {"x":0,"y":0,"w":60,"h":58},
	"sourceSize": {"w":60,"h":58}
},
"ani_idle instance 10017":
{
	"frame": {"x":180,"y":58,"w":60,"h":58},
	"rotated": false,
	"trimmed": false,
	"spriteSourceSize": {"x":0,"y":0,"w":60,"h":58},
	"sourceSize": {"w":60,"h":58}
},
"ani_idle instance 10018":
{
	"frame": {"x":0,"y":116,"w":60,"h":58},
	"rotated": false,
	"trimmed": false,
	"spriteSourceSize": {"x":0,"y":0,"w":60,"h":58},
	"sourceSize": {"w":60,"h":58}
},
"ani_idle instance 10019":
{
	"frame": {"x":0,"y":116,"w":60,"h":58},
	"rotated": false,
	"trimmed": false,
	"spriteSourceSize": {"x":0,"y":0,"w":60,"h":58},
	"sourceSize": {"w":60,"h":58}
},
"ani_idle instance 10020":
{
	"frame": {"x":0,"y":116,"w":60,"h":58},
	"rotated": false,
	"trimmed": false,
	"spriteSourceSize": {"x":0,"y":0,"w":60,"h":58},
	"sourceSize": {"w":60,"h":58}
},
"ani_idle instance 10021":
{
	"frame": {"x":60,"y":58,"w":60,"h":58},
	"rotated": false,
	"trimmed": false,
	"spriteSourceSize": {"x":0,"y":0,"w":60,"h":58},
	"sourceSize": {"w":60,"h":58}
},
"ani_idle instance 10022":
{
	"frame": {"x":60,"y":58,"w":60,"h":58},
	"rotated": false,
	"trimmed": false,
	"spriteSourceSize": {"x":0,"y":0,"w":60,"h":58},
	"sourceSize": {"w":60,"h":58}
},
"ani_idle instance 10023":
{
	"frame": {"x":60,"y":116,"w":60,"h":58},
	"rotated": false,
	"trimmed": false,
	"spriteSourceSize": {"x":0,"y":0,"w":60,"h":58},
	"sourceSize": {"w":60,"h":58}
},
"ani_idle instance 10024":
{
	"frame": {"x":120,"y":116,"w":60,"h":58},
	"rotated": false,
	"trimmed": false,
	"spriteSourceSize": {"x":0,"y":0,"w":60,"h":58},
	"sourceSize": {"w":60,"h":58}
},
"ani_idle instance 10025":
{
	"frame": {"x":180,"y":116,"w":60,"h":58},
	"rotated": false,
	"trimmed": false,
	"spriteSourceSize": {"x":0,"y":0,"w":60,"h":58},
	"sourceSize": {"w":60,"h":58}
},
"ani_idle instance 10026":
{
	"frame": {"x":60,"y":0,"w":60,"h":58},
	"rotated": false,
	"trimmed": false,
	"spriteSourceSize": {"x":0,"y":0,"w":60,"h":58},
	"sourceSize": {"w":60,"h":58}
},
"ani_idle instance 10027":
{
	"frame": {"x":0,"y":174,"w":60,"h":58},
	"rotated": false,
	"trimmed": false,
	"spriteSourceSize": {"x":0,"y":0,"w":60,"h":58},
	"sourceSize": {"w":60,"h":58}
},
"ani_idle instance 10028":
{
	"frame": {"x":60,"y":174,"w":60,"h":58},
	"rotated": false,
	"trimmed": false,
	"spriteSourceSize": {"x":0,"y":0,"w":60,"h":58},
	"sourceSize": {"w":60,"h":58}
},
"ani_idle instance 10029":
{
	"frame": {"x":0,"y":0,"w":60,"h":58},
	"rotated": false,
	"trimmed": false,
	"spriteSourceSize": {"x":0,"y":0,"w":60,"h":58},
	"sourceSize": {"w":60,"h":58}
}},
"meta": {
	"app": "Adobe Animate",
	"version": "15.1.0.210",
	"image": "character_idle.png",
	"format": "RGBA8888",
	"size": {"w":256,"h":256},
	"scale": "1"
}
}
