﻿{"frames": {

"ani_walk instance 10000":
{
	"frame": {"x":0,"y":0,"w":56,"h":59},
	"rotated": false,
	"trimmed": false,
	"spriteSourceSize": {"x":0,"y":0,"w":56,"h":59},
	"sourceSize": {"w":56,"h":59}
},
"ani_walk instance 10001":
{
	"frame": {"x":56,"y":0,"w":56,"h":59},
	"rotated": false,
	"trimmed": false,
	"spriteSourceSize": {"x":0,"y":0,"w":56,"h":59},
	"sourceSize": {"w":56,"h":59}
},
"ani_walk instance 10002":
{
	"frame": {"x":112,"y":0,"w":56,"h":59},
	"rotated": false,
	"trimmed": false,
	"spriteSourceSize": {"x":0,"y":0,"w":56,"h":59},
	"sourceSize": {"w":56,"h":59}
},
"ani_walk instance 10003":
{
	"frame": {"x":168,"y":0,"w":56,"h":59},
	"rotated": false,
	"trimmed": false,
	"spriteSourceSize": {"x":0,"y":0,"w":56,"h":59},
	"sourceSize": {"w":56,"h":59}
},
"ani_walk instance 10004":
{
	"frame": {"x":168,"y":0,"w":56,"h":59},
	"rotated": false,
	"trimmed": false,
	"spriteSourceSize": {"x":0,"y":0,"w":56,"h":59},
	"sourceSize": {"w":56,"h":59}
},
"ani_walk instance 10005":
{
	"frame": {"x":0,"y":59,"w":56,"h":59},
	"rotated": false,
	"trimmed": false,
	"spriteSourceSize": {"x":0,"y":0,"w":56,"h":59},
	"sourceSize": {"w":56,"h":59}
},
"ani_walk instance 10006":
{
	"frame": {"x":56,"y":59,"w":56,"h":59},
	"rotated": false,
	"trimmed": false,
	"spriteSourceSize": {"x":0,"y":0,"w":56,"h":59},
	"sourceSize": {"w":56,"h":59}
},
"ani_walk instance 10007":
{
	"frame": {"x":112,"y":59,"w":56,"h":59},
	"rotated": false,
	"trimmed": false,
	"spriteSourceSize": {"x":0,"y":0,"w":56,"h":59},
	"sourceSize": {"w":56,"h":59}
},
"ani_walk instance 10008":
{
	"frame": {"x":168,"y":59,"w":56,"h":59},
	"rotated": false,
	"trimmed": false,
	"spriteSourceSize": {"x":0,"y":0,"w":56,"h":59},
	"sourceSize": {"w":56,"h":59}
},
"ani_walk instance 10009":
{
	"frame": {"x":0,"y":118,"w":56,"h":59},
	"rotated": false,
	"trimmed": false,
	"spriteSourceSize": {"x":0,"y":0,"w":56,"h":59},
	"sourceSize": {"w":56,"h":59}
},
"ani_walk instance 10010":
{
	"frame": {"x":56,"y":118,"w":56,"h":59},
	"rotated": false,
	"trimmed": false,
	"spriteSourceSize": {"x":0,"y":0,"w":56,"h":59},
	"sourceSize": {"w":56,"h":59}
},
"ani_walk instance 10011":
{
	"frame": {"x":112,"y":118,"w":56,"h":59},
	"rotated": false,
	"trimmed": false,
	"spriteSourceSize": {"x":0,"y":0,"w":56,"h":59},
	"sourceSize": {"w":56,"h":59}
},
"ani_walk instance 10012":
{
	"frame": {"x":168,"y":118,"w":56,"h":59},
	"rotated": false,
	"trimmed": false,
	"spriteSourceSize": {"x":0,"y":0,"w":56,"h":59},
	"sourceSize": {"w":56,"h":59}
},
"ani_walk instance 10013":
{
	"frame": {"x":0,"y":177,"w":56,"h":59},
	"rotated": false,
	"trimmed": false,
	"spriteSourceSize": {"x":0,"y":0,"w":56,"h":59},
	"sourceSize": {"w":56,"h":59}
},
"ani_walk instance 10014":
{
	"frame": {"x":56,"y":177,"w":56,"h":59},
	"rotated": false,
	"trimmed": false,
	"spriteSourceSize": {"x":0,"y":0,"w":56,"h":59},
	"sourceSize": {"w":56,"h":59}
},
"ani_walk instance 10015":
{
	"frame": {"x":112,"y":177,"w":56,"h":59},
	"rotated": false,
	"trimmed": false,
	"spriteSourceSize": {"x":0,"y":0,"w":56,"h":59},
	"sourceSize": {"w":56,"h":59}
},
"ani_walk instance 10016":
{
	"frame": {"x":168,"y":177,"w":56,"h":59},
	"rotated": false,
	"trimmed": false,
	"spriteSourceSize": {"x":0,"y":0,"w":56,"h":59},
	"sourceSize": {"w":56,"h":59}
},
"ani_walk instance 10017":
{
	"frame": {"x":0,"y":236,"w":56,"h":59},
	"rotated": false,
	"trimmed": false,
	"spriteSourceSize": {"x":0,"y":0,"w":56,"h":59},
	"sourceSize": {"w":56,"h":59}
},
"ani_walk instance 10018":
{
	"frame": {"x":56,"y":236,"w":56,"h":59},
	"rotated": false,
	"trimmed": false,
	"spriteSourceSize": {"x":0,"y":0,"w":56,"h":59},
	"sourceSize": {"w":56,"h":59}
},
"ani_walk instance 10019":
{
	"frame": {"x":112,"y":236,"w":56,"h":59},
	"rotated": false,
	"trimmed": false,
	"spriteSourceSize": {"x":0,"y":0,"w":56,"h":59},
	"sourceSize": {"w":56,"h":59}
},
"ani_walk instance 10020":
{
	"frame": {"x":168,"y":236,"w":56,"h":59},
	"rotated": false,
	"trimmed": false,
	"spriteSourceSize": {"x":0,"y":0,"w":56,"h":59},
	"sourceSize": {"w":56,"h":59}
},
"ani_walk instance 10021":
{
	"frame": {"x":0,"y":295,"w":56,"h":59},
	"rotated": false,
	"trimmed": false,
	"spriteSourceSize": {"x":0,"y":0,"w":56,"h":59},
	"sourceSize": {"w":56,"h":59}
},
"ani_walk instance 10022":
{
	"frame": {"x":56,"y":295,"w":56,"h":59},
	"rotated": false,
	"trimmed": false,
	"spriteSourceSize": {"x":0,"y":0,"w":56,"h":59},
	"sourceSize": {"w":56,"h":59}
},
"ani_walk instance 10023":
{
	"frame": {"x":112,"y":295,"w":56,"h":59},
	"rotated": false,
	"trimmed": false,
	"spriteSourceSize": {"x":0,"y":0,"w":56,"h":59},
	"sourceSize": {"w":56,"h":59}
},
"ani_walk instance 10024":
{
	"frame": {"x":0,"y":0,"w":56,"h":59},
	"rotated": false,
	"trimmed": false,
	"spriteSourceSize": {"x":0,"y":0,"w":56,"h":59},
	"sourceSize": {"w":56,"h":59}
}},
"meta": {
	"app": "Adobe Animate",
	"version": "15.1.0.210",
	"image": "character_walk.png",
	"format": "RGBA8888",
	"size": {"w":256,"h":512},
	"scale": "1"
}
}
